dataset,env,interaction_config,iso,layer_config,legend_config,name,provider,slug
amphibians-regional,production,{},[],"{""body"": {""maxzoom"": ""13"", ""format"": ""image/png"", ""options"": {""useCors"": ""true""}, ""type"": ""tileLayer"", ""url"": ""https://storage.googleapis.com/cdn.mol.org/half-earth/tiles/phase2/rarity_1km/amphibians/{z}/{x}/{y}"", ""bbox"": [13, -37, 34, -27.7], ""landscape_opacity"": 0.5}, ""type"": ""tileLayer"", ""params_config"": [{""key"": ""dataMaxZoom"", ""required"": ""true"", ""default"": ""13""}]}","{""items"": [{""value"": ""low"", ""color"": ""#0664f6""}, {""value"": """", ""color"": ""#0572d6""}, {""value"": """", ""color"": ""#0380b5""}, {""value"": """", ""color"": ""#028e95""}, {""value"": """", ""color"": ""#009c74""}, {""value"": """", ""color"": ""#3fae57""}, {""value"": """", ""color"": ""#7fc03a""}, {""value"": """", ""color"": ""#bed11d""}, {""value"": ""high"", ""color"": ""#fde300""}], ""type"": ""gradient"", ""title"": ""Amphibian regional rarity""}",Rarity,cesium,amphib-rarity-sa
mammals,production,{},[],"{""body"": {""maxzoom"": ""13"", ""format"": ""image/png"", ""options"": {""useCors"": ""true""}, ""type"": ""tileLayer"", ""url"": ""https://storage.googleapis.com/cdn.mol.org/half-earth/tiles/phase2/rarity/mammals/{z}/{x}/{y}"", ""bbox"": [], ""landscape_opacity"": 1}, ""type"": ""tileLayer"", ""params_config"": [{""key"": ""dataMaxZoom"", ""required"": ""true"", ""default"": ""13""}]}","{""items"": [{""value"": ""low"", ""color"": ""#0664f6""}, {""value"": """", ""color"": ""#0572d6""}, {""value"": """", ""color"": ""#0380b5""}, {""value"": """", ""color"": ""#028e95""}, {""value"": """", ""color"": ""#009c74""}, {""value"": """", ""color"": ""#3fae57""}, {""value"": """", ""color"": ""#7fc03a""}, {""value"": """", ""color"": ""#bed11d""}, {""value"": ""high"", ""color"": ""#fde300""}], ""type"": ""gradient"", ""title"": ""Mammals rarity""}",Rarity,cesium,mammals-rare
fishes,production,{},[],"{""body"": {""maxzoom"": ""13"", ""format"": ""image/png"", ""options"": {""useCors"": ""true""}, ""type"": ""tileLayer"", ""url"": ""https://storage.googleapis.com/cdn.mol.org/half-earth/tiles/phase2/rarity/fishes/{z}/{x}/{y}"", ""bbox"": [], ""landscape_opacity"": 1}, ""type"": ""tileLayer"", ""params_config"": [{""key"": ""dataMaxZoom"", ""required"": ""true"", ""default"": ""13""}]}","{""items"": [{""value"": ""low"", ""color"": ""#0664f6""}, {""value"": """", ""color"": ""#0572d6""}, {""value"": """", ""color"": ""#0380b5""}, {""value"": """", ""color"": ""#028e95""}, {""value"": """", ""color"": ""#009c74""}, {""value"": """", ""color"": ""#3fae57""}, {""value"": """", ""color"": ""#7fc03a""}, {""value"": """", ""color"": ""#bed11d""}, {""value"": ""high"", ""color"": ""#fde300""}], ""type"": ""gradient"", ""title"": ""Fishes rarity""}",Rarity,cesium,fishes-rarity
grids,production,{},[],"{""body"": {""maxzoom"": ""13"", ""format"": ""image/png"", ""layers"": [{""options"": {""cartocss"": ""#layer { polygon-opacity: 0; ::outline { line-color: #FFFFFF; line-width: 1; line-opacity: 0.75; } }"", ""cartocss_version"": ""2.3.0"", ""sql"": ""WITH b as (SELECT st_setsrid(st_geomfromgeojson('{{bounds}}'), 4326) as the_geom) SELECT ST_AsGeoJSON(wdpa.the_geom) as the_geom, wdpa.name, wdpa.desig_eng, wdpa.desig_type FROM wdpa_protected_areas as wdpa, b WHERE ST_Intersects(wdpa.the_geom, b.the_geom) AND wdpa.desig_eng not like '%Biosphere%' AND wdpa.iucn_cat not in ('Ia', 'Ib', 'II')""}, ""type"": ""cartodb""}], ""url"": ""None"", ""bbox"": [], ""landscape_opacity"": 1}, ""account"": ""half-earth"", ""type"": ""layer"", ""sql_config"": ""[]"", ""params_config"": ""[{\""key\"": \""bounds\"", \""required\"": true}]""}",{},Protected Other interactions,cartodb,protected-other-interact
hummingbirds,production,{},[],"{""body"": {""maxzoom"": ""13"", ""format"": ""image/png"", ""options"": {""useCors"": ""true""}, ""type"": ""tileLayer"", ""url"": ""https://storage.googleapis.com/cdn.mol.org/half-earth/tiles/phase2/richness_1km/hummingbirds/{z}/{x}/{y}"", ""bbox"": [-164, -40, -35, 56], ""landscape_opacity"": 0.5}, ""type"": ""tileLayer"", ""params_config"": [{""key"": ""dataMaxZoom"", ""required"": ""true"", ""default"": ""13""}]}","{""items"": [{""value"": ""1"", ""color"": ""#0664f6""}, {""value"": """", ""color"": ""#0572d6""}, {""value"": """", ""color"": ""#0380b5""}, {""value"": """", ""color"": ""#028e95""}, {""value"": """", ""color"": ""#009c74""}, {""value"": """", ""color"": ""#3fae57""}, {""value"": """", ""color"": ""#7fc03a""}, {""value"": """", ""color"": ""#bed11d""}, {""value"": ""92 species"", ""color"": ""#fde300""}], ""type"": ""gradient"", ""title"": ""Hummingbirds richness""}",Richness,cesium,hummingbirds-rich
conifers-regional,production,{},[],"{""body"": {""maxzoom"": ""13"", ""format"": ""image/png"", ""options"": {""useCors"": ""true""}, ""type"": ""tileLayer"", ""url"": """", ""bbox"": [], ""landscape_opacity"": 0.5}, ""type"": ""tileLayer"", ""params_config"": [{""key"": ""dataMaxZoom"", ""required"": ""true"", ""default"": ""13""}]}","{""items"": [{""value"": ""0"", ""color"": ""#309B7E""}, {""value"": """", ""color"": ""#299292""}, {""value"": """", ""color"": ""#2289A6""}, {""value"": """", ""color"": ""#1B7FBA""}, {""value"": """", ""color"": ""#1476CE""}, {""value"": """", ""color"": ""#0D6DE2""}, {""value"": ""100 %"", ""color"": ""#0664f6""}], ""type"": ""gradient""}",Richness,cesium,conifers-rich-sa
conifers,production,{},[],"{""body"": {""maxzoom"": ""13"", ""format"": ""image/png"", ""options"": {""useCors"": ""true""}, ""type"": ""tileLayer"", ""url"": ""https://storage.googleapis.com/cdn.mol.org/half-earth/tiles/phase2/richness/conifers/{z}/{x}/{y}"", ""bbox"": [], ""landscape_opacity"": 1}, ""type"": ""tileLayer"", ""params_config"": [{""key"": ""dataMaxZoom"", ""required"": ""true"", ""default"": ""13""}]}","{""items"": [{""value"": ""0"", ""color"": ""#0664f6""}, {""value"": """", ""color"": ""#0572d6""}, {""value"": """", ""color"": ""#0380b5""}, {""value"": """", ""color"": ""#028e95""}, {""value"": """", ""color"": ""#009c74""}, {""value"": """", ""color"": ""#3fae57""}, {""value"": """", ""color"": ""#7fc03a""}, {""value"": """", ""color"": ""#bed11d""}, {""value"": ""49 species"", ""color"": ""#fde300""}], ""type"": ""gradient"", ""title"": ""Conifers richness""}",Richness,cesium,conifers-rich
moths,production,{},[],"{""body"": {""maxzoom"": ""13"", ""format"": ""image/png"", ""options"": {""useCors"": ""true""}, ""type"": ""tileLayer"", ""url"": """", ""bbox"": [], ""landscape_opacity"": 1}, ""type"": ""tileLayer"", ""params_config"": [{""key"": ""dataMaxZoom"", ""required"": ""true"", ""default"": ""13""}]}","{""items"": [{""value"": ""0"", ""color"": ""#309B7E""}, {""value"": """", ""color"": ""#299292""}, {""value"": """", ""color"": ""#2289A6""}, {""value"": """", ""color"": ""#1B7FBA""}, {""value"": """", ""color"": ""#1476CE""}, {""value"": """", ""color"": ""#0D6DE2""}, {""value"": ""100 %"", ""color"": ""#0664f6""}], ""type"": ""gradient""}",Rarity,cesium,moths-rare
protea-regional,production,{},[],"{""body"": {""maxzoom"": ""13"", ""format"": ""image/png"", ""options"": {""useCors"": ""true""}, ""type"": ""tileLayer"", ""url"": ""https://storage.googleapis.com/cdn.mol.org/half-earth/tiles/phase2/richness_1km/protea/{z}/{x}/{y}"", ""bbox"": [13, -37, 34, -27.7], ""landscape_opacity"": 0.5}, ""type"": ""tileLayer"", ""params_config"": [{""key"": ""dataMaxZoom"", ""required"": ""true"", ""default"": ""13""}]}","{""items"": [{""value"": ""0"", ""color"": ""#0664f6""}, {""value"": """", ""color"": ""#0572d6""}, {""value"": """", ""color"": ""#0380b5""}, {""value"": """", ""color"": ""#028e95""}, {""value"": """", ""color"": ""#009c74""}, {""value"": """", ""color"": ""#3fae57""}, {""value"": """", ""color"": ""#7fc03a""}, {""value"": """", ""color"": ""#bed11d""}, {""value"": ""68 species"", ""color"": ""#fde300""}], ""type"": ""gradient"", ""title"": ""Protea regional richness""}",Richness,cesium,protea-rich
amphibians-regional,production,{},[],"{""body"": {""maxzoom"": ""13"", ""format"": ""image/png"", ""options"": {""useCors"": ""true""}, ""type"": ""tileLayer"", ""url"": ""https://storage.googleapis.com/cdn.mol.org/half-earth/tiles/phase2/richness_1km/amphibians/{z}/{x}/{y}"", ""bbox"": [13, -37, 34, -27.7], ""landscape_opacity"": 0.5}, ""type"": ""tileLayer"", ""params_config"": [{""key"": ""dataMaxZoom"", ""required"": ""true"", ""default"": ""13""}]}","{""items"": [{""value"": ""0"", ""color"": ""#0664f6""}, {""value"": """", ""color"": ""#0572d6""}, {""value"": """", ""color"": ""#0380b5""}, {""value"": """", ""color"": ""#028e95""}, {""value"": """", ""color"": ""#009c74""}, {""value"": """", ""color"": ""#3fae57""}, {""value"": """", ""color"": ""#7fc03a""}, {""value"": """", ""color"": ""#bed11d""}, {""value"": ""25 species"", ""color"": ""#fde300""}], ""type"": ""gradient"", ""title"": ""Amphibian regional richness""}",Richness,cesium,amphib-richness-sa
dragonflies-regional,production,{},[],"{""body"": {""maxzoom"": ""13"", ""format"": ""image/png"", ""options"": {""useCors"": ""true""}, ""type"": ""tileLayer"", ""url"": ""https://storage.googleapis.com/cdn.mol.org/half-earth/tiles/phase2/richness_1km/dragonflies/{z}/{x}/{y}"", ""bbox"": [13, -37, 34, -27.7], ""landscape_opacity"": 0.5}, ""type"": ""tileLayer"", ""params_config"": [{""key"": ""dataMaxZoom"", ""required"": ""true"", ""default"": ""13""}]}","{""items"": [{""value"": ""3"", ""color"": ""#0664f6""}, {""value"": """", ""color"": ""#0572d6""}, {""value"": """", ""color"": ""#0380b5""}, {""value"": """", ""color"": ""#028e95""}, {""value"": """", ""color"": ""#009c74""}, {""value"": """", ""color"": ""#3fae57""}, {""value"": """", ""color"": ""#7fc03a""}, {""value"": """", ""color"": ""#bed11d""}, {""value"": ""68 species"", ""color"": ""#fde300""}], ""type"": ""gradient""}",Richness,cesium,dragonflies-rich-sa
bumblebees,production,{},[],"{""body"": {""maxzoom"": ""13"", ""format"": ""image/png"", ""options"": {""useCors"": ""true""}, ""type"": ""tileLayer"", ""url"": """", ""bbox"": [], ""landscape_opacity"": 1}, ""type"": ""tileLayer"", ""params_config"": [{""key"": ""dataMaxZoom"", ""required"": ""true"", ""default"": ""13""}]}","{""items"": [{""value"": ""low"", ""color"": ""#309B7E""}, {""value"": """", ""color"": ""#299292""}, {""value"": """", ""color"": ""#2289A6""}, {""value"": """", ""color"": ""#1B7FBA""}, {""value"": """", ""color"": ""#1476CE""}, {""value"": """", ""color"": ""#0D6DE2""}, {""value"": ""high"", ""color"": ""#0664f6""}], ""type"": ""gradient""}",Rarity,cesium,bumblebees-rarity
grids,production,{},[],"{""body"": {""maxzoom"": ""13"", ""format"": ""image/png"", ""layers"": [{""options"": {""cartocss"": ""#layer { polygon-opacity: 0; ::outline { line-color: #FFFFFF; line-width: 1; line-opacity: 0.75; } }"", ""cartocss_version"": ""2.3.0"", ""sql"": ""WITH b as (SELECT st_setsrid(st_geomfromgeojson('{{bounds}}'), 4326) as the_geom) SELECT ST_AsGeoJSON(wdpa.the_geom) as the_geom, wdpa.name, wdpa.desig_eng, wdpa.desig_type FROM wdpa_protected_areas as wdpa, b WHERE ST_Intersects(wdpa.the_geom, b.the_geom) AND wdpa.desig_eng like '%Biosphere%'""}, ""type"": ""cartodb""}], ""url"": ""None"", ""bbox"": [], ""landscape_opacity"": 1}, ""account"": ""half-earth"", ""type"": ""layer"", ""sql_config"": ""[]"", ""params_config"": ""[{\""key\"": \""bounds\"", \""required\"": true}]""}",{},Biosphere Reserves interactions,cartodb,biosphere-reserves-interact
restio-regional,production,{},[],"{""body"": {""maxzoom"": ""13"", ""format"": ""image/png"", ""options"": {""useCors"": ""true""}, ""type"": ""tileLayer"", ""url"": ""https://storage.googleapis.com/cdn.mol.org/half-earth/tiles/phase2/richness_1km/restio/{z}/{x}/{y}"", ""bbox"": [13, -37, 34, -27.7], ""landscape_opacity"": 0.5}, ""type"": ""tileLayer"", ""params_config"": [{""key"": ""dataMaxZoom"", ""required"": ""true"", ""default"": ""13""}]}","{""items"": [{""value"": ""1"", ""color"": ""#0664f6""}, {""value"": """", ""color"": ""#0572d6""}, {""value"": """", ""color"": ""#0380b5""}, {""value"": """", ""color"": ""#028e95""}, {""value"": """", ""color"": ""#009c74""}, {""value"": """", ""color"": ""#3fae57""}, {""value"": """", ""color"": ""#7fc03a""}, {""value"": """", ""color"": ""#bed11d""}, {""value"": ""166 species"", ""color"": ""#fde300""}], ""type"": ""gradient"", ""title"": ""Restio regional richness""}",Richness,cesium,restio-rich-sa
protected-other,production,"{""output"": [{""column"": ""name"", ""prefix"": """", ""property"": ""Name"", ""suffix"": """", ""type"": ""string""}, {""column"": ""desig_eng"", ""prefix"": """", ""property"": ""Type"", ""suffix"": """", ""type"": ""string""}]}",[],"{""body"": {""maxzoom"": ""13"", ""format"": ""image/png"", ""layers"": [{""options"": {""cartocss"": ""#wdpa_protected_areas { polygon-opacity: 0.7; polygon-fill: #F2AB52;}"", ""cartocss_version"": ""2.3.0"", ""sql"": ""SELECT * FROM wdpa_protected_areas WHERE desig_eng not like '%Biosphere%' AND iucn_cat not in ('Ia', 'Ib', 'II')""}, ""type"": ""cartodb""}], ""url"": ""None"", ""bbox"": [], ""landscape_opacity"": 0.9}, ""account"": ""half-earth"", ""type"": ""layer"", ""sql_config"": ""[]"", ""params_config"": ""[]""}","{""items"": [{""color"": ""#F2AB52"", ""name"": ""Other""}], ""type"": ""basic"", ""title"": ""Other protected areas""}",Other,cartodb,protected-other
conifers,production,{},[],"{""body"": {""maxzoom"": ""13"", ""format"": ""image/png"", ""options"": {""useCors"": ""true""}, ""type"": ""tileLayer"", ""url"": ""https://storage.googleapis.com/cdn.mol.org/half-earth/tiles/phase2/rarity/conifers/{z}/{x}/{y}"", ""bbox"": [], ""landscape_opacity"": 1}, ""type"": ""tileLayer"", ""params_config"": [{""key"": ""dataMaxZoom"", ""required"": ""true"", ""default"": ""13""}]}","{""items"": [{""value"": ""low"", ""color"": ""#0664f6""}, {""value"": """", ""color"": ""#0572d6""}, {""value"": """", ""color"": ""#0380b5""}, {""value"": """", ""color"": ""#028e95""}, {""value"": """", ""color"": ""#009c74""}, {""value"": """", ""color"": ""#3fae57""}, {""value"": """", ""color"": ""#7fc03a""}, {""value"": """", ""color"": ""#bed11d""}, {""value"": ""high"", ""color"": ""#fde300""}], ""type"": ""gradient"", ""title"": ""Conifers rarity""}",Rarity,cesium,conifers-rarity
butterflies,production,{},[],"{""body"": {""maxzoom"": ""13"", ""format"": ""image/png"", ""options"": {""useCors"": ""true""}, ""type"": ""tileLayer"", ""url"": """", ""bbox"": [], ""landscape_opacity"": 1}, ""type"": ""tileLayer"", ""params_config"": [{""key"": ""dataMaxZoom"", ""required"": ""true"", ""default"": ""13""}]}","{""items"": [{""value"": ""0"", ""color"": ""#309B7E""}, {""value"": """", ""color"": ""#299292""}, {""value"": """", ""color"": ""#2289A6""}, {""value"": """", ""color"": ""#1B7FBA""}, {""value"": """", ""color"": ""#1476CE""}, {""value"": """", ""color"": ""#0D6DE2""}, {""value"": ""100 %"", ""color"": ""#0664f6""}], ""type"": ""gradient""}",Rarity,cesium,butterflies-rarity
cacti,production,{},[],"{""body"": {""maxzoom"": ""13"", ""format"": ""image/png"", ""options"": {""useCors"": ""true""}, ""type"": ""tileLayer"", ""url"": ""https://storage.googleapis.com/cdn.mol.org/half-earth/tiles/phase2/richness/cacti/{z}/{x}/{y}"", ""bbox"": [], ""landscape_opacity"": 1}, ""type"": ""tileLayer"", ""params_config"": [{""key"": ""dataMaxZoom"", ""required"": ""true"", ""default"": ""13""}]}","{""items"": [{""value"": ""0"", ""color"": ""#0664f6""}, {""value"": """", ""color"": ""#0572d6""}, {""value"": """", ""color"": ""#0380b5""}, {""value"": """", ""color"": ""#028e95""}, {""value"": """", ""color"": ""#009c74""}, {""value"": """", ""color"": ""#3fae57""}, {""value"": """", ""color"": ""#7fc03a""}, {""value"": """", ""color"": ""#bed11d""}, {""value"": ""93 species"", ""color"": ""#fde300""}], ""type"": ""gradient"", ""title"": ""Cacti richness""}",Richness,cesium,cacti-richness
turtles,production,{},[],"{""body"": {""maxzoom"": ""13"", ""format"": ""image/png"", ""options"": {""useCors"": ""true""}, ""type"": ""tileLayer"", ""url"": ""https://storage.googleapis.com/cdn.mol.org/half-earth/tiles/phase2/richness/turtles/{z}/{x}/{y}"", ""bbox"": [], ""landscape_opacity"": 1}, ""type"": ""tileLayer"", ""params_config"": [{""key"": ""dataMaxZoom"", ""required"": ""true"", ""default"": ""13""}]}","{""items"": [{""value"": ""0"", ""color"": ""#0664f6""}, {""value"": """", ""color"": ""#0572d6""}, {""value"": """", ""color"": ""#0380b5""}, {""value"": """", ""color"": ""#028e95""}, {""value"": """", ""color"": ""#009c74""}, {""value"": """", ""color"": ""#3fae57""}, {""value"": """", ""color"": ""#7fc03a""}, {""value"": """", ""color"": ""#bed11d""}, {""value"": ""22 species"", ""color"": ""#fde300""}], ""type"": ""gradient"", ""title"": ""Turtle richness""}",Richness,cesium,turtles-rich
fishing,production,{},[],"{""body"": {""maxzoom"": ""13"", ""format"": ""image/png"", ""options"": {""useCors"": ""true""}, ""type"": ""tileLayer"", ""url"": ""https://storage.googleapis.com/cdn.mol.org/half-earth/tiles/phase2/fishing-hours/gfw/purse_seines/{z}/{x}/{y}"", ""bbox"": [], ""landscape_opacity"": 0.75}, ""type"": ""tileLayer"", ""params_config"": [{""key"": ""dataMaxZoom"", ""required"": ""true"", ""default"": ""13""}]}","{""items"": [{""value"": ""0"", ""color"": ""#174664""}, {""value"": """", ""color"": ""#226482""}, {""value"": """", ""color"": ""#2D82A1""}, {""value"": """", ""color"": ""#38A0BF""}, {""value"": """", ""color"": ""#44BEDD""}, {""value"": """", ""color"": ""#7CCDE6""}, {""value"": """", ""color"": ""#A7DCEF""}, {""value"": """", ""color"": ""#CDECF7""}, {""value"": ""5 hours/km\u00b2"", ""color"": ""#F1FBFF""}], ""type"": ""gradient"", ""title"": ""Purse seins fishing""}",Purse seins,cesium,fishing-purse
protected-community,production,"{""output"": [{""column"": ""name"", ""prefix"": """", ""property"": ""Name"", ""suffix"": """", ""type"": ""string""}, {""column"": ""status"", ""prefix"": """", ""property"": ""Status"", ""suffix"": """", ""type"": ""string""}]}",[],"{""body"": {""maxzoom"": ""13"", ""format"": ""image/png"", ""layers"": [{""options"": {""cartocss"": ""#community_conservation_areas[source='non_indg_wdpa']{ polygon-opacity: 0.7; polygon-fill: #B9870D;} #community_conservation_areas[source='wdpa']{ polygon-opacity: 0.7; polygon-fill: #AA5609;} #community_conservation_areas[source='raisg']{ polygon-opacity: 0.7; polygon-fill: #AA2709;}"", ""cartocss_version"": ""2.3.0"", ""sql"": ""SELECT * FROM community_conservation_areas""}, ""type"": ""cartodb""}], ""url"": ""None"", ""bbox"": [], ""landscape_opacity"": 0.9}, ""account"": ""half-earth"", ""type"": ""layer"", ""sql_config"": ""[]"", ""params_config"": ""[]""}","{""items"": [{""color"": ""#AA2709"", ""name"": ""Indigenous RAISG""}, {""color"": ""#AA5609"", ""name"": ""Indigenous WDPA""}, {""color"": ""#B9870D"", ""name"": ""Non-Indigenous WDPA""}], ""type"": ""basic"", ""title"": ""Community-based protected areas""}",Community-based conservation areas,cartodb,community-conservation
all-taxa,production,{},[],"{""body"": {""maxzoom"": ""13"", ""format"": ""image/png"", ""options"": {""useCors"": ""true""}, ""type"": ""tileLayer"", ""url"": ""https://storage.googleapis.com/cdn.mol.org/half-earth/tiles/phase2/richness/all/{z}/{x}/{y}"", ""bbox"": [], ""landscape_opacity"": 1}, ""type"": ""tileLayer"", ""params_config"": [{""key"": ""dataMaxZoom"", ""required"": ""true"", ""default"": ""13""}]}","{""items"": [{""value"": ""1"", ""color"": ""#0664f6""}, {""value"": """", ""color"": ""#0572d6""}, {""value"": """", ""color"": ""#0380b5""}, {""value"": """", ""color"": ""#028e95""}, {""value"": """", ""color"": ""#009c74""}, {""value"": """", ""color"": ""#3fae57""}, {""value"": """", ""color"": ""#7fc03a""}, {""value"": """", ""color"": ""#bed11d""}, {""value"": ""3,469 species"", ""color"": ""#fde300""}], ""type"": ""gradient"", ""title"": ""All groups richness""}",Richness,cesium,all-taxa-richness
fishing,production,{},[],"{""body"": {""maxzoom"": ""13"", ""format"": ""image/png"", ""options"": {""useCors"": ""true""}, ""type"": ""tileLayer"", ""url"": ""https://storage.googleapis.com/cdn.mol.org/half-earth/tiles/phase2/fishing-hours/gfw/trawlers/{z}/{x}/{y}"", ""bbox"": [], ""landscape_opacity"": 0.75}, ""type"": ""tileLayer"", ""params_config"": [{""key"": ""dataMaxZoom"", ""required"": ""true"", ""default"": ""13""}]}","{""items"": [{""value"": ""0"", ""color"": ""#174664""}, {""value"": """", ""color"": ""#226482""}, {""value"": """", ""color"": ""#2D82A1""}, {""value"": """", ""color"": ""#38A0BF""}, {""value"": """", ""color"": ""#44BEDD""}, {""value"": """", ""color"": ""#7CCDE6""}, {""value"": """", ""color"": ""#A7DCEF""}, {""value"": """", ""color"": ""#CDECF7""}, {""value"": ""88 hours/km\u00b2"", ""color"": ""#F1FBFF""}], ""type"": ""gradient"", ""title"": ""Fishing trawlers""}",Trawlers,cesium,fishing-trawlers
dragonflies-regional,production,{},[],"{""body"": {""maxzoom"": ""13"", ""format"": ""image/png"", ""options"": {""useCors"": ""true""}, ""type"": ""tileLayer"", ""url"": ""https://storage.googleapis.com/cdn.mol.org/half-earth/tiles/phase2/rarity_1km/dragonflies/{z}/{x}/{y}"", ""bbox"": [13, -37, 34, -27.7], ""landscape_opacity"": 0.5}, ""type"": ""tileLayer"", ""params_config"": [{""key"": ""dataMaxZoom"", ""required"": ""true"", ""default"": ""13""}]}","{""items"": [{""value"": ""low"", ""color"": ""#0664f6""}, {""value"": """", ""color"": ""#0572d6""}, {""value"": """", ""color"": ""#0380b5""}, {""value"": """", ""color"": ""#028e95""}, {""value"": """", ""color"": ""#009c74""}, {""value"": """", ""color"": ""#3fae57""}, {""value"": """", ""color"": ""#7fc03a""}, {""value"": """", ""color"": ""#bed11d""}, {""value"": ""high"", ""color"": ""#fde300""}], ""type"": ""gradient""}",Rarity,cesium,dragonflies-rare-sa
butterflies-regional,production,{},[],"{""body"": {""maxzoom"": ""13"", ""format"": ""image/png"", ""options"": {""useCors"": ""true""}, ""type"": ""tileLayer"", ""url"": """", ""bbox"": [], ""landscape_opacity"": 0.5}, ""type"": ""tileLayer"", ""params_config"": [{""key"": ""dataMaxZoom"", ""required"": ""true"", ""default"": ""13""}]}","{""items"": [{""value"": ""0"", ""color"": ""#309B7E""}, {""value"": """", ""color"": ""#299292""}, {""value"": """", ""color"": ""#2289A6""}, {""value"": """", ""color"": ""#1B7FBA""}, {""value"": """", ""color"": ""#1476CE""}, {""value"": """", ""color"": ""#0D6DE2""}, {""value"": ""100 %"", ""color"": ""#0664f6""}], ""type"": ""gradient""}",Richness,cesium,butterflies-richness-sa
mammals-regional,production,{},[],"{""body"": {""maxzoom"": ""13"", ""format"": ""image/png"", ""options"": {""useCors"": ""true""}, ""type"": ""tileLayer"", ""url"": ""https://storage.googleapis.com/cdn.mol.org/half-earth/tiles/phase2/rarity_1km/mammals/{z}/{x}/{y}"", ""bbox"": [13, -37, 34, -27.7], ""landscape_opacity"": 0.5}, ""type"": ""tileLayer"", ""params_config"": [{""key"": ""dataMaxZoom"", ""required"": ""true"", ""default"": ""13""}]}","{""items"": [{""value"": ""low"", ""color"": ""#0664f6""}, {""value"": """", ""color"": ""#0572d6""}, {""value"": """", ""color"": ""#0380b5""}, {""value"": """", ""color"": ""#028e95""}, {""value"": """", ""color"": ""#009c74""}, {""value"": """", ""color"": ""#3fae57""}, {""value"": """", ""color"": ""#7fc03a""}, {""value"": """", ""color"": ""#bed11d""}, {""value"": ""high"", ""color"": ""#fde300""}], ""type"": ""gradient"", ""title"": ""Mammals regional rarity""}",Rarity,cesium,mammals-rare-sa
places-to-watch,production,{},[],"{""body"": {""maxzoom"": ""13"", ""format"": ""image/png"", ""layers"": [{""options"": {""cartocss"": ""#layer{ marker-file: url(https://half-earth-staging.vizzuality.com/img/icons/flag-icon.png); marker-width: 30; } #laye[zoom>3]{ marker-width: 21; } #laye[zoom>4]{ marker-width: 22; } #laye[zoom>5]{ marker-width: 24; } #layer[zoom>6]{ marker-width: 26; } #layer[zoom>7]{ marker-width: 28; } #layer[zoom>8]{ marker-width: 30; } #layer{ polygon-opacity: 0; polygon-fill: #D53369; line-width: 0; line-opacity: 0; }"", ""cartocss_version"": ""2.3.0"", ""sql"": ""SELECT * FROM places_to_watch""}, ""type"": ""cartodb""}], ""url"": ""None"", ""bbox"": [], ""landscape_opacity"": 1}, ""account"": ""half-earth"", ""type"": ""layer"", ""sql_config"": ""[]"", ""params_config"": ""[]""}","{""items"": [{""color"": ""#FFFFFF"", ""icon"": ""https://half-earth-staging.vizzuality.com/img/icons/flag-icon.png"", ""name"": ""Places to watch""}], ""type"": ""basic"", ""title"": ""Places to watch""}",Places to watch,cartodb,places-to-watch
bumblebees,production,{},[],"{""body"": {""maxzoom"": ""13"", ""format"": ""image/png"", ""options"": {""useCors"": ""true""}, ""type"": ""tileLayer"", ""url"": """", ""bbox"": [], ""landscape_opacity"": 1}, ""type"": ""tileLayer"", ""params_config"": [{""key"": ""dataMaxZoom"", ""required"": ""true"", ""default"": ""13""}]}","{""items"": [{""value"": ""0"", ""color"": ""#309B7E""}, {""value"": """", ""color"": ""#299292""}, {""value"": """", ""color"": ""#2289A6""}, {""value"": """", ""color"": ""#1B7FBA""}, {""value"": """", ""color"": ""#1476CE""}, {""value"": """", ""color"": ""#0D6DE2""}, {""value"": ""100 %"", ""color"": ""#0664f6""}], ""type"": ""gradient""}",Richness,cesium,bumblebees-richness
birds-regional,production,{},[],"{""body"": {""maxzoom"": ""13"", ""format"": ""image/png"", ""options"": {""useCors"": ""true""}, ""type"": ""tileLayer"", ""url"": ""https://storage.googleapis.com/cdn.mol.org/half-earth/tiles/phase2/rarity_1km/birds/{z}/{x}/{y}"", ""bbox"": [13, -37, 34, -27.7], ""landscape_opacity"": 0.5}, ""type"": ""tileLayer"", ""params_config"": [{""key"": ""dataMaxZoom"", ""required"": ""true"", ""default"": ""13""}]}","{""items"": [{""value"": ""low"", ""color"": ""#0664f6""}, {""value"": """", ""color"": ""#0572d6""}, {""value"": """", ""color"": ""#0380b5""}, {""value"": """", ""color"": ""#028e95""}, {""value"": """", ""color"": ""#009c74""}, {""value"": """", ""color"": ""#3fae57""}, {""value"": """", ""color"": ""#7fc03a""}, {""value"": """", ""color"": ""#bed11d""}, {""value"": ""high"", ""color"": ""#fde300""}], ""type"": ""gradient"", ""title"": ""Birds regional rarity""}",Rarity,cesium,birds-rarity-sa
birds,production,{},[],"{""body"": {""maxzoom"": ""13"", ""format"": ""image/png"", ""options"": {""useCors"": ""true""}, ""type"": ""tileLayer"", ""url"": ""https://storage.googleapis.com/cdn.mol.org/half-earth/tiles/phase2/richness/birds/{z}/{x}/{y}"", ""bbox"": [], ""landscape_opacity"": 1}, ""type"": ""tileLayer"", ""params_config"": [{""key"": ""dataMaxZoom"", ""required"": ""true"", ""default"": ""13""}]}","{""items"": [{""value"": ""0"", ""color"": ""#0664f6""}, {""value"": """", ""color"": ""#0572d6""}, {""value"": """", ""color"": ""#0380b5""}, {""value"": """", ""color"": ""#028e95""}, {""value"": """", ""color"": ""#009c74""}, {""value"": """", ""color"": ""#3fae57""}, {""value"": """", ""color"": ""#7fc03a""}, {""value"": """", ""color"": ""#bed11d""}, {""value"": ""1,010 species"", ""color"": ""#fde300""}], ""type"": ""gradient"", ""title"": ""Birds richness""}",Richness,cesium,birds-rich
fishes,production,{},[],"{""body"": {""maxzoom"": ""13"", ""format"": ""image/png"", ""options"": {""useCors"": ""true""}, ""type"": ""tileLayer"", ""url"": ""https://storage.googleapis.com/cdn.mol.org/half-earth/tiles/phase2/richness/fishes/{z}/{x}/{y}"", ""bbox"": [], ""landscape_opacity"": 1}, ""type"": ""tileLayer"", ""params_config"": [{""key"": ""dataMaxZoom"", ""required"": ""true"", ""default"": ""13""}]}","{""items"": [{""value"": ""0"", ""color"": ""#0664f6""}, {""value"": """", ""color"": ""#0572d6""}, {""value"": """", ""color"": ""#0380b5""}, {""value"": """", ""color"": ""#028e95""}, {""value"": """", ""color"": ""#009c74""}, {""value"": """", ""color"": ""#3fae57""}, {""value"": """", ""color"": ""#7fc03a""}, {""value"": """", ""color"": ""#bed11d""}, {""value"": ""3,469 species"", ""color"": ""#fde300""}], ""type"": ""gradient"", ""title"": ""Fishes richness""}",Richness,cesium,fishes-rich
mammals,production,{},[],"{""body"": {""maxzoom"": ""13"", ""format"": ""image/png"", ""options"": {""useCors"": ""true""}, ""type"": ""tileLayer"", ""url"": ""https://storage.googleapis.com/cdn.mol.org/half-earth/tiles/phase2/richness/mammals/{z}/{x}/{y}"", ""bbox"": [], ""landscape_opacity"": 1}, ""type"": ""tileLayer"", ""params_config"": [{""key"": ""dataMaxZoom"", ""required"": ""true"", ""default"": ""13""}]}","{""items"": [{""value"": ""0"", ""color"": ""#0664f6""}, {""value"": """", ""color"": ""#0572d6""}, {""value"": """", ""color"": ""#0380b5""}, {""value"": """", ""color"": ""#028e95""}, {""value"": """", ""color"": ""#009c74""}, {""value"": """", ""color"": ""#3fae57""}, {""value"": """", ""color"": ""#7fc03a""}, {""value"": """", ""color"": ""#bed11d""}, {""value"": ""225 species"", ""color"": ""#fde300""}], ""type"": ""gradient"", ""title"": ""Mammals richness""}",Richness,cesium,mammals-rich
stories,production,{},[],"{""body"": {""maxzoom"": ""13"", ""format"": ""image/png"", ""layers"": [{""options"": {""cartocss"": ""#layer{ marker-file: url(https://half-earth-staging.vizzuality.com/img/stories-icon.png); marker-width: 30; } #laye[zoom>3]{ marker-width: 21; } #laye[zoom>4]{ marker-width: 22; } #laye[zoom>5]{ marker-width: 24; } #layer[zoom>6]{ marker-width: 26; } #layer[zoom>7]{ marker-width: 28; } #layer[zoom>8]{ marker-width: 30; } #layer{ polygon-opacity: 0; polygon-fill: #D53369; line-width: 0; line-opacity: 0; }"", ""cartocss_version"": ""2.3.0"", ""sql"": ""SELECT * FROM stories""}, ""type"": ""cartodb""}], ""url"": ""None"", ""bbox"": [], ""landscape_opacity"": 1}, ""account"": ""half-earth"", ""type"": ""layer"", ""sql_config"": ""[]"", ""params_config"": ""[]""}","{""items"": [{""color"": ""#FFFFFF"", ""icon"": ""https://half-earth-staging.vizzuality.com/img/stories-icon.png"", ""name"": ""Stories""}], ""type"": ""basic"", ""title"": ""What's going on?""}",Stories,cartodb,stories
fishing,production,{},[],"{""body"": {""maxzoom"": ""13"", ""format"": ""image/png"", ""options"": {""useCors"": ""true""}, ""type"": ""tileLayer"", ""url"": ""https://storage.googleapis.com/cdn.mol.org/half-earth/tiles/phase2/fishing-hours/gfw/other/{z}/{x}/{y}"", ""bbox"": [], ""landscape_opacity"": 0.75}, ""type"": ""tileLayer"", ""params_config"": [{""key"": ""dataMaxZoom"", ""required"": ""true"", ""default"": ""13""}]}","{""items"": [{""value"": ""0"", ""color"": ""#174664""}, {""value"": """", ""color"": ""#226482""}, {""value"": """", ""color"": ""#2D82A1""}, {""value"": """", ""color"": ""#38A0BF""}, {""value"": """", ""color"": ""#44BEDD""}, {""value"": """", ""color"": ""#7CCDE6""}, {""value"": """", ""color"": ""#A7DCEF""}, {""value"": """", ""color"": ""#CDECF7""}, {""value"": ""13 hours/km\u00b2"", ""color"": ""#F1FBFF""}], ""type"": ""gradient"", ""title"": ""Other fishing types""}",Other,cesium,fishing-other
fishing,production,{},[],"{""body"": {""maxzoom"": ""13"", ""format"": ""image/png"", ""options"": {""useCors"": ""true""}, ""type"": ""tileLayer"", ""url"": ""https://storage.googleapis.com/cdn.mol.org/half-earth/tiles/phase2/fishing-hours/gfw/fixed_gear/{z}/{x}/{y}"", ""bbox"": [], ""landscape_opacity"": 0.75}, ""type"": ""tileLayer"", ""params_config"": [{""key"": ""dataMaxZoom"", ""required"": ""true"", ""default"": ""13""}]}","{""items"": [{""value"": ""0"", ""color"": ""#174664""}, {""value"": """", ""color"": ""#226482""}, {""value"": """", ""color"": ""#2D82A1""}, {""value"": """", ""color"": ""#38A0BF""}, {""value"": """", ""color"": ""#44BEDD""}, {""value"": """", ""color"": ""#7CCDE6""}, {""value"": """", ""color"": ""#A7DCEF""}, {""value"": """", ""color"": ""#CDECF7""}, {""value"": ""40 hours/km\u00b2"", ""color"": ""#F1FBFF""}], ""type"": ""gradient"", ""title"": ""Fixed-gear fishing""}",Fixed gear,cesium,fishing-fixed
grids,production,"{""output"": [{""format"": ""null"", ""type"": ""number"", ""property"": ""ID"", ""column"": ""cell_id""}], ""type"": ""intersection""}",[],"{""body"": {""maxzoom"": ""13"", ""format"": ""image/png"", ""layers"": [{""options"": {""cartocss"": ""#layer { polygon-opacity: 0; ::outline { line-color: #FFFFFF; line-width: 1; line-opacity: 0.75; } }"", ""cartocss_version"": ""2.3.0"", ""sql"": ""WITH b as (SELECT st_setsrid(st_geomfromgeojson('{{bounds}}'), 4326) as the_geom) SELECT ST_AsGeoJSON(ST_SimplifyPreserveTopology(margrid.the_geom, 0.1)) as the_geom, margrid.cell_id FROM marine_grid as margrid, b WHERE ST_Intersects(margrid.the_geom, b.the_geom)""}, ""type"": ""cartodb""}], ""url"": ""None"", ""bbox"": [], ""landscape_opacity"": 1}, ""account"": ""half-earth"", ""type"": ""layer"", ""sql_config"": ""[]"", ""params_config"": ""[{\""key\"": \""bounds\"", \""required\"": true}]""}",{},Marine grid,cartodb,mol-marine-grid
hummingbirds,production,{},[],"{""body"": {""maxzoom"": ""13"", ""format"": ""image/png"", ""options"": {""useCors"": ""true""}, ""type"": ""tileLayer"", ""url"": ""https://storage.googleapis.com/cdn.mol.org/half-earth/tiles/phase2/rarity_1km/hummingbirds/{z}/{x}/{y}"", ""bbox"": [-164, -40, -35, 56], ""landscape_opacity"": 0.5}, ""type"": ""tileLayer"", ""params_config"": [{""key"": ""dataMaxZoom"", ""required"": ""true"", ""default"": ""13""}]}","{""items"": [{""value"": ""low"", ""color"": ""#0664f6""}, {""value"": """", ""color"": ""#0572d6""}, {""value"": """", ""color"": ""#0380b5""}, {""value"": """", ""color"": ""#028e95""}, {""value"": """", ""color"": ""#009c74""}, {""value"": """", ""color"": ""#3fae57""}, {""value"": """", ""color"": ""#7fc03a""}, {""value"": """", ""color"": ""#bed11d""}, {""value"": ""high"", ""color"": ""#fde300""}], ""type"": ""gradient"", ""title"": ""Hummingbirds rarity""}",Rarity,cesium,hummingbirds-rare
cacti,production,{},[],"{""body"": {""maxzoom"": ""13"", ""format"": ""image/png"", ""options"": {""useCors"": ""true""}, ""type"": ""tileLayer"", ""url"": ""https://storage.googleapis.com/cdn.mol.org/half-earth/tiles/phase2/rarity/cacti/{z}/{x}/{y}"", ""bbox"": [], ""landscape_opacity"": 1}, ""type"": ""tileLayer"", ""params_config"": [{""key"": ""dataMaxZoom"", ""required"": ""true"", ""default"": ""13""}]}","{""items"": [{""value"": ""low"", ""color"": ""#0664f6""}, {""value"": """", ""color"": ""#0572d6""}, {""value"": """", ""color"": ""#0380b5""}, {""value"": """", ""color"": ""#028e95""}, {""value"": """", ""color"": ""#009c74""}, {""value"": """", ""color"": ""#3fae57""}, {""value"": """", ""color"": ""#7fc03a""}, {""value"": """", ""color"": ""#bed11d""}, {""value"": ""high"", ""color"": ""#fde300""}], ""type"": ""gradient"", ""title"": ""Cacti rarity""}",Rarity,cesium,cacti-rarity
reptiles,production,{},[],"{""body"": {""maxzoom"": ""13"", ""format"": ""image/png"", ""options"": {""useCors"": ""true""}, ""type"": ""tileLayer"", ""url"": """", ""bbox"": [], ""landscape_opacity"": 1}, ""type"": ""tileLayer"", ""params_config"": [{""key"": ""dataMaxZoom"", ""required"": ""true"", ""default"": ""13""}]}","{""items"": [{""value"": ""low"", ""color"": ""#309B7E""}, {""value"": """", ""color"": ""#299292""}, {""value"": """", ""color"": ""#2289A6""}, {""value"": """", ""color"": ""#1B7FBA""}, {""value"": """", ""color"": ""#1476CE""}, {""value"": """", ""color"": ""#0D6DE2""}, {""value"": ""high"", ""color"": ""#0664f6""}], ""type"": ""gradient"", ""title"": ""Reptiles rarity""}",Rarity,cesium,reptiles-rarity
all-taxa,production,{},[],"{""body"": {""maxzoom"": ""13"", ""format"": ""image/png"", ""options"": {""useCors"": ""true""}, ""type"": ""tileLayer"", ""url"": ""https://storage.googleapis.com/cdn.mol.org/half-earth/tiles/phase2/rarity/all/{z}/{x}/{y}"", ""bbox"": [], ""landscape_opacity"": 1}, ""type"": ""tileLayer"", ""params_config"": [{""key"": ""dataMaxZoom"", ""required"": ""true"", ""default"": ""13""}]}","{""items"": [{""value"": ""low"", ""color"": ""#0664f6""}, {""value"": """", ""color"": ""#0572d6""}, {""value"": """", ""color"": ""#0380b5""}, {""value"": """", ""color"": ""#028e95""}, {""value"": """", ""color"": ""#009c74""}, {""value"": """", ""color"": ""#3fae57""}, {""value"": """", ""color"": ""#7fc03a""}, {""value"": """", ""color"": ""#bed11d""}, {""value"": ""high"", ""color"": ""#fde300""}], ""type"": ""gradient"", ""title"": ""All groups rarity""}",Rarity,cesium,all-taxa-rarity
human-pressure,production,{},[],"{""body"": {""maxzoom"": ""13"", ""format"": ""image/png"", ""options"": {""useCors"": ""true""}, ""type"": ""tileLayer"", ""url"": ""https://storage.googleapis.com/gfw-climate-tiles/hp_test/rainfed_v1/{z}/{x}/{y}.png"", ""bbox"": [], ""landscape_opacity"": 1.0}, ""type"": ""tileLayer"", ""params_config"": [{""key"": ""dataMaxZoom"", ""required"": ""true"", ""default"": ""13""}]}","{""items"": [{""value"": ""0"", ""color"": ""#3a4264""}, {""value"": """", ""color"": ""#535978""}, {""value"": """", ""color"": ""#6c718d""}, {""value"": """", ""color"": ""#868aa2""}, {""value"": """", ""color"": ""#a1a3b8""}, {""value"": """", ""color"": ""#bcbece""}, {""value"": ""100 % use"", ""color"": ""#d8d9e5""}], ""type"": ""gradient"", ""title"": ""Small and Rainfed agriculture""}",Small and rainfed agriculture,cesium,human-pressures-rainfed
protected-strict,production,"{""output"": [{""column"": ""name"", ""prefix"": """", ""property"": ""Name"", ""suffix"": """", ""type"": ""string""}, {""column"": ""desig_eng"", ""prefix"": """", ""property"": ""Type"", ""suffix"": """", ""type"": ""string""}]}",[],"{""body"": {""maxzoom"": ""13"", ""format"": ""image/png"", ""layers"": [{""options"": {""cartocss"": ""#wdpa_protected_areas{ polygon-opacity: 0.7; polygon-fill: #F5CE9F;} "", ""cartocss_version"": ""2.3.0"", ""sql"": ""SELECT * FROM wdpa_protected_areas WHERE iucn_cat in ('Ia', 'Ib', 'II')""}, ""type"": ""cartodb""}], ""url"": ""None"", ""bbox"": [], ""landscape_opacity"": 0.9}, ""account"": ""half-earth"", ""type"": ""layer"", ""sql_config"": ""[]"", ""params_config"": ""[]""}","{""items"": [{""color"": ""#F5CE9F"", ""name"": ""Strict reserves""}], ""type"": ""basic"", ""title"": ""Strict reserves""}",Strict Reserves,cartodb,strict-reserves
grids,production,{},[],"{""body"": {""maxzoom"": ""13"", ""format"": ""image/png"", ""layers"": [{""options"": {""cartocss"": ""#layer { polygon-opacity: 0; ::outline { line-color: #FFFFFF; line-width: 1; line-opacity: 0.75; } }"", ""cartocss_version"": ""2.3.0"", ""sql"": ""WITH b as (SELECT st_setsrid(st_geomfromgeojson('{{bounds}}'), 4326) as the_geom) SELECT ST_AsGeoJSON(wdpa.the_geom) as the_geom, wdpa.name, wdpa.desig_eng, wdpa.desig_type FROM wdpa_protected_areas as wdpa, b WHERE ST_Intersects(wdpa.the_geom, b.the_geom) AND wdpa.iucn_cat in ('Ia', 'Ib', 'II')""}, ""type"": ""cartodb""}], ""url"": ""None"", ""bbox"": [], ""landscape_opacity"": 1}, ""account"": ""half-earth"", ""type"": ""layer"", ""sql_config"": ""[]"", ""params_config"": ""[{\""key\"": \""bounds\"", \""required\"": true}]""}",{},Protected Strict interactions,cartodb,protected-strict-interact
amphibians,production,{},[],"{""body"": {""maxzoom"": ""13"", ""format"": ""image/png"", ""options"": {""useCors"": ""true""}, ""type"": ""tileLayer"", ""url"": ""https://storage.googleapis.com/cdn.mol.org/half-earth/tiles/phase2/rarity/amphibians/{z}/{x}/{y}"", ""bbox"": [], ""landscape_opacity"": 1}, ""type"": ""tileLayer"", ""params_config"": [{""key"": ""dataMaxZoom"", ""required"": ""true"", ""default"": ""13""}]}","{""items"": [{""value"": ""low"", ""color"": ""#0664f6""}, {""value"": """", ""color"": ""#0572d6""}, {""value"": """", ""color"": ""#0380b5""}, {""value"": """", ""color"": ""#028e95""}, {""value"": """", ""color"": ""#009c74""}, {""value"": """", ""color"": ""#3fae57""}, {""value"": """", ""color"": ""#7fc03a""}, {""value"": """", ""color"": ""#bed11d""}, {""value"": ""high"", ""color"": ""#fde300""}], ""type"": ""gradient"", ""title"": ""Amphibian rarity""}",Rarity,cesium,amphib-rarity
pledges,production,{},[],"{""body"": {""maxzoom"": ""13"", ""format"": ""image/png"", ""layers"": [{""options"": {""cartocss"": ""#layer{ marker-file: url(https://half-earth-staging.vizzuality.com/img/plege-icon.png); marker-width: 30; } #laye[zoom>3]{ marker-width: 21; } #laye[zoom>4]{ marker-width: 22; } #laye[zoom>5]{ marker-width: 24; } #layer[zoom>6]{ marker-width: 26; } #layer[zoom>7]{ marker-width: 28; } #layer[zoom>8]{ marker-width: 30; } #layer{ polygon-opacity: 0; polygon-fill: #D53369; line-width: 0; line-opacity: 0; }"", ""cartocss_version"": ""2.3.0"", ""sql"": ""SELECT * FROM pledge_locations""}, ""type"": ""cartodb""}], ""url"": ""None"", ""bbox"": [], ""landscape_opacity"": 1}, ""account"": ""half-earth"", ""type"": ""layer"", ""sql_config"": ""[]"", ""params_config"": ""[]""}","{""items"": [{""color"": ""#FFFFFF"", ""icon"": ""https://half-earth-staging.vizzuality.com/img/plege-icon.png"", ""name"": ""Signed pledges""}], ""type"": ""basic"", ""title"": ""Where are you on the map?""}",Signed pledges,cartodb,signed-pledges
dragonflies,production,{},[],"{""body"": {""maxzoom"": ""13"", ""format"": ""image/png"", ""options"": {""useCors"": ""true""}, ""type"": ""tileLayer"", ""url"": """", ""bbox"": [], ""landscape_opacity"": 1}, ""type"": ""tileLayer"", ""params_config"": [{""key"": ""dataMaxZoom"", ""required"": ""true"", ""default"": ""13""}]}","{""items"": [{""value"": ""0"", ""color"": ""#309B7E""}, {""value"": """", ""color"": ""#299292""}, {""value"": """", ""color"": ""#2289A6""}, {""value"": """", ""color"": ""#1B7FBA""}, {""value"": """", ""color"": ""#1476CE""}, {""value"": """", ""color"": ""#0D6DE2""}, {""value"": ""100 %"", ""color"": ""#0664f6""}], ""type"": ""gradient""}",Richness,cesium,dragonflies-rich
grids,production,{},[],"{""body"": {""maxzoom"": ""13"", ""format"": ""image/png"", ""layers"": [{""options"": {""cartocss"": ""#layer { polygon-opacity: 0; ::outline { line-color: #FFFFFF; line-width: 1; line-opacity: 0.75; } }"", ""cartocss_version"": ""2.3.0"", ""sql"": ""WITH b as (SELECT st_setsrid(st_geomfromgeojson('{{bounds}}'), 4326) as the_geom) SELECT ST_AsGeoJSON(cca.the_geom) as the_geom, cca.name, cca.status, cca.source FROM community_conservation_areas as cca, b WHERE ST_Intersects(cca.the_geom, b.the_geom)""}, ""type"": ""cartodb""}], ""url"": ""None"", ""bbox"": [], ""landscape_opacity"": 1}, ""account"": ""half-earth"", ""type"": ""layer"", ""sql_config"": ""[]"", ""params_config"": ""[{\""key\"": \""bounds\"", \""required\"": true}]""}",{},Community-based conservation areas interactions,cartodb,community-conservation-interact
dragonflies,production,{},[],"{""body"": {""maxzoom"": ""13"", ""format"": ""image/png"", ""options"": {""useCors"": ""true""}, ""type"": ""tileLayer"", ""url"": """", ""bbox"": [], ""landscape_opacity"": 1}, ""type"": ""tileLayer"", ""params_config"": [{""key"": ""dataMaxZoom"", ""required"": ""true"", ""default"": ""13""}]}","{""items"": [{""value"": ""low"", ""color"": ""#309B7E""}, {""value"": """", ""color"": ""#299292""}, {""value"": """", ""color"": ""#2289A6""}, {""value"": """", ""color"": ""#1B7FBA""}, {""value"": """", ""color"": ""#1476CE""}, {""value"": """", ""color"": ""#0D6DE2""}, {""value"": ""high"", ""color"": ""#0664f6""}], ""type"": ""gradient""}",Rarity,cesium,dragonflies-rarity
restio-regional,production,{},[],"{""body"": {""maxzoom"": ""13"", ""format"": ""image/png"", ""options"": {""useCors"": ""true""}, ""type"": ""tileLayer"", ""url"": ""https://storage.googleapis.com/cdn.mol.org/half-earth/tiles/phase2/rarity_1km/restio/{z}/{x}/{y}"", ""bbox"": [13, -37, 34, -27.7], ""landscape_opacity"": 0.5}, ""type"": ""tileLayer"", ""params_config"": [{""key"": ""dataMaxZoom"", ""required"": ""true"", ""default"": ""13""}]}","{""items"": [{""value"": ""low"", ""color"": ""#0664f6""}, {""value"": """", ""color"": ""#0572d6""}, {""value"": """", ""color"": ""#0380b5""}, {""value"": """", ""color"": ""#028e95""}, {""value"": """", ""color"": ""#009c74""}, {""value"": """", ""color"": ""#3fae57""}, {""value"": """", ""color"": ""#7fc03a""}, {""value"": """", ""color"": ""#bed11d""}, {""value"": ""high"", ""color"": ""#fde300""}], ""type"": ""gradient"", ""title"": ""Restio regional rarity""}",Rarity,cesium,restio-rare-sa
reptiles,production,{},[],"{""body"": {""maxzoom"": ""13"", ""format"": ""image/png"", ""options"": {""useCors"": ""true""}, ""type"": ""tileLayer"", ""url"": """", ""bbox"": [], ""landscape_opacity"": 1}, ""type"": ""tileLayer"", ""params_config"": [{""key"": ""dataMaxZoom"", ""required"": ""true"", ""default"": ""13""}]}","{""items"": [{""value"": ""0"", ""color"": ""#309B7E""}, {""value"": """", ""color"": ""#299292""}, {""value"": """", ""color"": ""#2289A6""}, {""value"": """", ""color"": ""#1B7FBA""}, {""value"": """", ""color"": ""#1476CE""}, {""value"": """", ""color"": ""#0D6DE2""}, {""value"": ""100 %"", ""color"": ""#0664f6""}], ""type"": ""gradient"", ""title"": ""Reptiles richness""}",Richness,cesium,reptiles-rich
birds-regional,production,{},[],"{""body"": {""maxzoom"": ""13"", ""format"": ""image/png"", ""options"": {""useCors"": ""true""}, ""type"": ""tileLayer"", ""url"": ""https://storage.googleapis.com/cdn.mol.org/half-earth/tiles/phase2/richness_1km/birds/{z}/{x}/{y}"", ""bbox"": [13, -37, 34, -27.7], ""landscape_opacity"": 0.5}, ""type"": ""tileLayer"", ""params_config"": [{""key"": ""dataMaxZoom"", ""required"": ""true"", ""default"": ""13""}]}","{""items"": [{""value"": ""0"", ""color"": ""#0664f6""}, {""value"": """", ""color"": ""#0572d6""}, {""value"": """", ""color"": ""#0380b5""}, {""value"": """", ""color"": ""#028e95""}, {""value"": """", ""color"": ""#009c74""}, {""value"": """", ""color"": ""#3fae57""}, {""value"": """", ""color"": ""#7fc03a""}, {""value"": """", ""color"": ""#bed11d""}, {""value"": ""375"", ""color"": ""#fde300""}], ""type"": ""gradient"", ""title"": ""Birds regional richness""}",Richness,cesium,birds-richness-sa
human-pressure,production,{},[],"{""body"": {""maxzoom"": ""13"", ""format"": ""image/png"", ""options"": {""useCors"": ""true""}, ""type"": ""tileLayer"", ""url"": ""https://storage.googleapis.com/gfw-climate-tiles/hp_test/all_v1/{z}/{x}/{y}.png"", ""bbox"": [], ""landscape_opacity"": 1.0}, ""type"": ""tileLayer"", ""params_config"": [{""key"": ""dataMaxZoom"", ""required"": ""true"", ""default"": ""13""}]}","{""items"": [{""value"": ""0"", ""color"": ""#3a4264""}, {""value"": """", ""color"": ""#535978""}, {""value"": """", ""color"": ""#6c718d""}, {""value"": """", ""color"": ""#868aa2""}, {""value"": """", ""color"": ""#a1a3b8""}, {""value"": """", ""color"": ""#bcbece""}, {""value"": ""100  % use"", ""color"": ""#d8d9e5""}], ""type"": ""gradient"", ""title"": ""All terrestrial pressure""}",All terrestrial pressure,cesium,human-pressures-all
mammals-regional,production,{},[],"{""body"": {""maxzoom"": ""13"", ""format"": ""image/png"", ""options"": {""useCors"": ""true""}, ""type"": ""tileLayer"", ""url"": ""https://storage.googleapis.com/cdn.mol.org/half-earth/tiles/phase2/richness_1km/mammals/{z}/{x}/{y}"", ""bbox"": [13, -37, 34, -27.7], ""landscape_opacity"": 0.5}, ""type"": ""tileLayer"", ""params_config"": [{""key"": ""dataMaxZoom"", ""required"": ""true"", ""default"": ""13""}]}","{""items"": [{""value"": ""0"", ""color"": ""#0664f6""}, {""value"": """", ""color"": ""#0572d6""}, {""value"": """", ""color"": ""#0380b5""}, {""value"": """", ""color"": ""#028e95""}, {""value"": """", ""color"": ""#009c74""}, {""value"": """", ""color"": ""#3fae57""}, {""value"": """", ""color"": ""#7fc03a""}, {""value"": """", ""color"": ""#bed11d""}, {""value"": ""49 species"", ""color"": ""#fde300""}], ""type"": ""gradient"", ""title"": ""Mammals regional richness""}",Richness,cesium,mammals-rich-sa
fishing,production,{},[],"{""body"": {""maxzoom"": ""13"", ""format"": ""image/png"", ""options"": {""useCors"": ""true""}, ""type"": ""tileLayer"", ""url"": ""https://storage.googleapis.com/cdn.mol.org/half-earth/tiles/phase2/fishing-hours/gfw/all/{z}/{x}/{y}"", ""bbox"": [], ""landscape_opacity"": 0.75}, ""type"": ""tileLayer"", ""params_config"": [{""key"": ""dataMaxZoom"", ""required"": ""true"", ""default"": ""13""}]}","{""items"": [{""value"": ""0"", ""color"": ""#174664""}, {""value"": """", ""color"": ""#226482""}, {""value"": """", ""color"": ""#2D82A1""}, {""value"": """", ""color"": ""#38A0BF""}, {""value"": """", ""color"": ""#44BEDD""}, {""value"": """", ""color"": ""#7CCDE6""}, {""value"": """", ""color"": ""#A7DCEF""}, {""value"": """", ""color"": ""#CDECF7""}, {""value"": ""122 hours/km\u00b2"", ""color"": ""#F1FBFF""}], ""type"": ""gradient"", ""title"": ""All marine pressure""}",All marine pressure,cesium,fishing-all
birds,production,{},[],"{""body"": {""maxzoom"": ""13"", ""format"": ""image/png"", ""options"": {""useCors"": ""true""}, ""type"": ""tileLayer"", ""url"": ""https://storage.googleapis.com/cdn.mol.org/half-earth/tiles/phase2/rarity/birds/{z}/{x}/{y}"", ""bbox"": [], ""landscape_opacity"": 1}, ""type"": ""tileLayer"", ""params_config"": [{""key"": ""dataMaxZoom"", ""required"": ""true"", ""default"": ""13""}]}","{""items"": [{""value"": ""low"", ""color"": ""#0664f6""}, {""value"": """", ""color"": ""#0572d6""}, {""value"": """", ""color"": ""#0380b5""}, {""value"": """", ""color"": ""#028e95""}, {""value"": """", ""color"": ""#009c74""}, {""value"": """", ""color"": ""#3fae57""}, {""value"": """", ""color"": ""#7fc03a""}, {""value"": """", ""color"": ""#bed11d""}, {""value"": ""high"", ""color"": ""#fde300""}], ""type"": ""gradient"", ""title"": ""Birds rarity""}",Rarity,cesium,birds-rarity
palms,production,{},[],"{""body"": {""maxzoom"": ""13"", ""format"": ""image/png"", ""options"": {""useCors"": ""true""}, ""type"": ""tileLayer"", ""url"": """", ""bbox"": [], ""landscape_opacity"": 1}, ""type"": ""tileLayer"", ""params_config"": [{""key"": ""dataMaxZoom"", ""required"": ""true"", ""default"": ""13""}]}","{""items"": [{""value"": ""0"", ""color"": ""#309B7E""}, {""value"": """", ""color"": ""#299292""}, {""value"": """", ""color"": ""#2289A6""}, {""value"": """", ""color"": ""#1B7FBA""}, {""value"": """", ""color"": ""#1476CE""}, {""value"": """", ""color"": ""#0D6DE2""}, {""value"": ""100 %"", ""color"": ""#0664f6""}], ""type"": ""gradient""}",Rarity,cesium,palms-rarity
human-pressure,production,{},[],"{""body"": {""maxzoom"": ""13"", ""format"": ""image/png"", ""options"": {""useCors"": ""true""}, ""type"": ""tileLayer"", ""url"": ""https://storage.googleapis.com/gfw-climate-tiles/hp_test/agri_v1/{z}/{x}/{y}.png"", ""bbox"": [], ""landscape_opacity"": 1.0}, ""type"": ""tileLayer"", ""params_config"": [{""key"": ""dataMaxZoom"", ""required"": ""true"", ""default"": ""13""}]}","{""items"": [{""value"": ""0"", ""color"": ""#3a4264""}, {""value"": """", ""color"": ""#535978""}, {""value"": """", ""color"": ""#6c718d""}, {""value"": """", ""color"": ""#868aa2""}, {""value"": """", ""color"": ""#a1a3b8""}, {""value"": """", ""color"": ""#bcbece""}, {""value"": ""100 %"", ""color"": ""#d8d9e5""}], ""type"": ""gradient"", ""title"": ""Irrigated and large agriculture""}",Irrigated and Large Agriculture,cesium,human-pressures-agriculture
grids,production,"{""output"": [{""format"": ""null"", ""type"": ""number"", ""property"": ""ID"", ""column"": ""cell_id""}], ""type"": ""intersection""}",[],"{""body"": {""maxzoom"": ""13"", ""format"": ""image/png"", ""layers"": [{""options"": {""cartocss"": ""#layer { polygon-opacity: 0; ::outline { line-color: #FFFFFF; line-width: 1; line-opacity: 0.75; } }"", ""cartocss_version"": ""2.3.0"", ""sql"": ""WITH b as (SELECT st_setsrid(st_geomfromgeojson('{{bounds}}'), 4326) as the_geom) SELECT ST_AsGeoJSON(ST_SimplifyPreserveTopology(tergrid.the_geom, 0.1)) as the_geom, tergrid.cell_id FROM terrestrial_grid as tergrid, b WHERE ST_Intersects(tergrid.the_geom, b.the_geom)""}, ""type"": ""cartodb""}], ""url"": ""None"", ""bbox"": [], ""landscape_opacity"": 1}, ""account"": ""half-earth"", ""type"": ""layer"", ""sql_config"": ""[]"", ""params_config"": ""[{\""key\"": \""bounds\"", \""required\"": true}]""}",{},Terrestrial grid,cartodb,mol-terrestrial-grid
fishing,production,{},[],"{""body"": {""maxzoom"": ""13"", ""format"": ""image/png"", ""options"": {""useCors"": ""true""}, ""type"": ""tileLayer"", ""url"": ""https://storage.googleapis.com/cdn.mol.org/half-earth/tiles/phase2/fishing-hours/gfw/drifting_longlines/{z}/{x}/{y}"", ""bbox"": [], ""landscape_opacity"": 0.75}, ""type"": ""tileLayer"", ""params_config"": [{""key"": ""dataMaxZoom"", ""required"": ""true"", ""default"": ""13""}]}","{""items"": [{""value"": ""5"", ""color"": ""#174664""}, {""value"": """", ""color"": ""#226482""}, {""value"": """", ""color"": ""#2D82A1""}, {""value"": """", ""color"": ""#38A0BF""}, {""value"": """", ""color"": ""#44BEDD""}, {""value"": """", ""color"": ""#7CCDE6""}, {""value"": """", ""color"": ""#A7DCEF""}, {""value"": """", ""color"": ""#CDECF7""}, {""value"": ""8 hours/km\u00b2"", ""color"": ""#F1FBFF""}], ""type"": ""gradient"", ""title"": ""Drifting longline fishing""}",Drifting longlines,cesium,fishing-longlines
protected-biosphere,production,"{""output"": [{""column"": ""name"", ""prefix"": """", ""property"": ""Name"", ""suffix"": """", ""type"": ""string""}, {""column"": ""desig_eng"", ""prefix"": """", ""property"": ""Type"", ""suffix"": """", ""type"": ""string""}]}",[],"{""body"": {""maxzoom"": ""13"", ""format"": ""image/png"", ""layers"": [{""options"": {""cartocss"": ""#wdpa_protected_areas { polygon-opacity: 0.7; polygon-fill: #581C00;}"", ""cartocss_version"": ""2.3.0"", ""sql"": ""SELECT * FROM wdpa_protected_areas WHERE desig_eng like '%Biosphere%'""}, ""type"": ""cartodb""}], ""url"": ""None"", ""bbox"": [], ""landscape_opacity"": 0.9}, ""account"": ""half-earth"", ""type"": ""layer"", ""sql_config"": ""[]"", ""params_config"": ""[]""}","{""items"": [{""color"": ""#581C00"", ""name"": ""Biosphere reserves""}], ""type"": ""basic"", ""title"": ""Biosphere reserves""}",Biosphere Reserves,cartodb,biosphere-reserves
turtles,production,{},[],"{""body"": {""maxzoom"": ""13"", ""format"": ""image/png"", ""options"": {""useCors"": ""true""}, ""type"": ""tileLayer"", ""url"": ""https://storage.googleapis.com/cdn.mol.org/half-earth/tiles/phase2/rarity/turtles/{z}/{x}/{y}"", ""bbox"": [], ""landscape_opacity"": 1}, ""type"": ""tileLayer"", ""params_config"": [{""key"": ""dataMaxZoom"", ""required"": ""true"", ""default"": ""13""}]}","{""items"": [{""value"": ""low"", ""color"": ""#0664f6""}, {""value"": """", ""color"": ""#0572d6""}, {""value"": """", ""color"": ""#0380b5""}, {""value"": """", ""color"": ""#028e95""}, {""value"": """", ""color"": ""#009c74""}, {""value"": """", ""color"": ""#3fae57""}, {""value"": """", ""color"": ""#7fc03a""}, {""value"": """", ""color"": ""#bed11d""}, {""value"": ""high"", ""color"": ""#fde300""}], ""type"": ""gradient"", ""title"": ""Turtle rarity""}",Rarity,cesium,turtles-rare
protea-regional,production,{},[],"{""body"": {""maxzoom"": ""13"", ""format"": ""image/png"", ""options"": {""useCors"": ""true""}, ""type"": ""tileLayer"", ""url"": ""https://storage.googleapis.com/cdn.mol.org/half-earth/tiles/phase2/rarity_1km/protea/{z}/{x}/{y}"", ""bbox"": [13, -37, 34, -27.7], ""landscape_opacity"": 0.5}, ""type"": ""tileLayer"", ""params_config"": [{""key"": ""dataMaxZoom"", ""required"": ""true"", ""default"": ""13""}]}","{""items"": [{""value"": ""-10.9"", ""color"": ""#0664f6""}, {""value"": """", ""color"": ""#0572d6""}, {""value"": """", ""color"": ""#0380b5""}, {""value"": """", ""color"": ""#028e95""}, {""value"": """", ""color"": ""#009c74""}, {""value"": """", ""color"": ""#3fae57""}, {""value"": """", ""color"": ""#7fc03a""}, {""value"": """", ""color"": ""#bed11d""}, {""value"": ""-6.2"", ""color"": ""#fde300""}], ""type"": ""gradient"", ""title"": ""Protea regional rarity""}",Rarity,cesium,protea-rarity
human-pressure,production,{},[],"{""body"": {""maxzoom"": ""13"", ""format"": ""image/png"", ""options"": {""useCors"": ""true""}, ""type"": ""tileLayer"", ""url"": ""https://storage.googleapis.com/gfw-climate-tiles/hp_test/urban_v1/{z}/{x}/{y}.png"", ""bbox"": [], ""landscape_opacity"": 1.0}, ""type"": ""tileLayer"", ""params_config"": [{""key"": ""dataMaxZoom"", ""required"": ""true"", ""default"": ""13""}]}","{""items"": [{""value"": ""0"", ""color"": ""#3a4264""}, {""value"": """", ""color"": ""#535978""}, {""value"": """", ""color"": ""#6c718d""}, {""value"": """", ""color"": ""#868aa2""}, {""value"": """", ""color"": ""#a1a3b8""}, {""value"": """", ""color"": ""#bcbece""}, {""value"": ""100 % use"", ""color"": ""#d8d9e5""}], ""type"": ""gradient"", ""title"": ""Urban pressure""}",Urban area,cesium,human-pressures-urban
conifers-regional,production,{},[],"{""body"": {""maxzoom"": ""13"", ""format"": ""image/png"", ""options"": {""useCors"": ""true""}, ""type"": ""tileLayer"", ""url"": """", ""bbox"": [], ""landscape_opacity"": 1}, ""type"": ""tileLayer"", ""params_config"": [{""key"": ""dataMaxZoom"", ""required"": ""true"", ""default"": ""13""}]}","{""items"": [{""value"": ""0"", ""color"": ""#309B7E""}, {""value"": """", ""color"": ""#299292""}, {""value"": """", ""color"": ""#2289A6""}, {""value"": """", ""color"": ""#1B7FBA""}, {""value"": """", ""color"": ""#1476CE""}, {""value"": """", ""color"": ""#0D6DE2""}, {""value"": ""100 %"", ""color"": ""#0664f6""}], ""type"": ""gradient""}",Rarity,cesium,conifers-rarity-sa
butterflies,production,{},[],"{""body"": {""maxzoom"": ""13"", ""format"": ""image/png"", ""options"": {""useCors"": ""true""}, ""type"": ""tileLayer"", ""url"": """", ""bbox"": [], ""landscape_opacity"": 1}, ""type"": ""tileLayer"", ""params_config"": [{""key"": ""dataMaxZoom"", ""required"": ""true"", ""default"": ""13""}]}","{""items"": [{""value"": ""0"", ""color"": ""#309B7E""}, {""value"": """", ""color"": ""#299292""}, {""value"": """", ""color"": ""#2289A6""}, {""value"": """", ""color"": ""#1B7FBA""}, {""value"": """", ""color"": ""#1476CE""}, {""value"": """", ""color"": ""#0D6DE2""}, {""value"": ""100 %"", ""color"": ""#0664f6""}], ""type"": ""gradient""}",Richness,cesium,butterflies-richness
butterflies-regional,production,{},[],"{""body"": {""maxzoom"": ""13"", ""format"": ""image/png"", ""options"": {""useCors"": ""true""}, ""type"": ""tileLayer"", ""url"": """", ""bbox"": [], ""landscape_opacity"": 0.5}, ""type"": ""tileLayer"", ""params_config"": [{""key"": ""dataMaxZoom"", ""required"": ""true"", ""default"": ""13""}]}","{""items"": [{""value"": ""0"", ""color"": ""#309B7E""}, {""value"": """", ""color"": ""#299292""}, {""value"": """", ""color"": ""#2289A6""}, {""value"": """", ""color"": ""#1B7FBA""}, {""value"": """", ""color"": ""#1476CE""}, {""value"": """", ""color"": ""#0D6DE2""}, {""value"": ""100 %"", ""color"": ""#0664f6""}], ""type"": ""gradient""}",Rarity,cesium,butterflies-rarity-sa
reptiles-regional,production,{},[],"{""body"": {""maxzoom"": ""13"", ""format"": ""image/png"", ""options"": {""useCors"": ""true""}, ""type"": ""tileLayer"", ""url"": ""https://storage.googleapis.com/cdn.mol.org/half-earth/tiles/phase2/rarity_1km/reptiles/{z}/{x}/{y}"", ""bbox"": [13, -37, 34, -27.7], ""landscape_opacity"": 0.5}, ""type"": ""tileLayer"", ""params_config"": [{""key"": ""dataMaxZoom"", ""required"": ""true"", ""default"": ""13""}]}","{""items"": [{""value"": ""low"", ""color"": ""#0664f6""}, {""value"": """", ""color"": ""#0572d6""}, {""value"": """", ""color"": ""#0380b5""}, {""value"": """", ""color"": ""#028e95""}, {""value"": """", ""color"": ""#009c74""}, {""value"": """", ""color"": ""#3fae57""}, {""value"": """", ""color"": ""#7fc03a""}, {""value"": """", ""color"": ""#bed11d""}, {""value"": ""high"", ""color"": ""#fde300""}], ""type"": ""gradient"", ""title"": ""Reptiles regional rarity""}",Rarity,cesium,reptiles-rare-sa
amphibians,production,{},[],"{""body"": {""maxzoom"": ""13"", ""format"": ""image/png"", ""options"": {""useCors"": ""true""}, ""type"": ""tileLayer"", ""url"": ""https://storage.googleapis.com/cdn.mol.org/half-earth/tiles/phase2/richness/amphibians/{z}/{x}/{y}"", ""bbox"": [], ""landscape_opacity"": 1}, ""type"": ""tileLayer"", ""params_config"": [{""key"": ""dataMaxZoom"", ""required"": ""true"", ""default"": ""13""}]}","{""items"": [{""value"": ""0"", ""color"": ""#0664f6""}, {""value"": """", ""color"": ""#0572d6""}, {""value"": """", ""color"": ""#0380b5""}, {""value"": """", ""color"": ""#028e95""}, {""value"": """", ""color"": ""#009c74""}, {""value"": """", ""color"": ""#3fae57""}, {""value"": """", ""color"": ""#7fc03a""}, {""value"": """", ""color"": ""#bed11d""}, {""value"": ""180 species"", ""color"": ""#fde300""}], ""type"": ""gradient"", ""title"": ""Amphibian richness""}",Richness,cesium,amphib-rich
reptiles-regional,production,{},[],"{""body"": {""maxzoom"": ""13"", ""format"": ""image/png"", ""options"": {""useCors"": ""true""}, ""type"": ""tileLayer"", ""url"": ""https://storage.googleapis.com/cdn.mol.org/half-earth/tiles/phase2/richness_1km/reptiles/{z}/{x}/{y}"", ""bbox"": [13, -37, 34, -27.7], ""landscape_opacity"": 0.5}, ""type"": ""tileLayer"", ""params_config"": [{""key"": ""dataMaxZoom"", ""required"": ""true"", ""default"": ""13""}]}","{""items"": [{""value"": ""0"", ""color"": ""#0664f6""}, {""value"": """", ""color"": ""#0572d6""}, {""value"": """", ""color"": ""#0380b5""}, {""value"": """", ""color"": ""#028e95""}, {""value"": """", ""color"": ""#009c74""}, {""value"": """", ""color"": ""#3fae57""}, {""value"": """", ""color"": ""#7fc03a""}, {""value"": """", ""color"": ""#bed11d""}, {""value"": ""57 species"", ""color"": ""#fde300""}], ""type"": ""gradient"", ""title"": ""Reptiles regional richness""}",Richness,cesium,reptiles-rich-sa
palms,production,{},[],"{""body"": {""maxzoom"": ""13"", ""format"": ""image/png"", ""options"": {""useCors"": ""true""}, ""type"": ""tileLayer"", ""url"": """", ""bbox"": [], ""landscape_opacity"": 1}, ""type"": ""tileLayer"", ""params_config"": [{""key"": ""dataMaxZoom"", ""required"": ""true"", ""default"": ""13""}]}","{""items"": [{""value"": ""0"", ""color"": ""#309B7E""}, {""value"": """", ""color"": ""#299292""}, {""value"": """", ""color"": ""#2289A6""}, {""value"": """", ""color"": ""#1B7FBA""}, {""value"": """", ""color"": ""#1476CE""}, {""value"": """", ""color"": ""#0D6DE2""}, {""value"": ""100 %"", ""color"": ""#0664f6""}], ""type"": ""gradient""}",Richness,cesium,palms-richness
moths,production,{},[],"{""body"": {""maxzoom"": ""13"", ""format"": ""image/png"", ""options"": {""useCors"": ""true""}, ""type"": ""tileLayer"", ""url"": """", ""bbox"": [], ""landscape_opacity"": 1}, ""type"": ""tileLayer"", ""params_config"": [{""key"": ""dataMaxZoom"", ""required"": ""true"", ""default"": ""13""}]}","{""items"": [{""value"": ""0"", ""color"": ""#309B7E""}, {""value"": """", ""color"": ""#299292""}, {""value"": """", ""color"": ""#2289A6""}, {""value"": """", ""color"": ""#1B7FBA""}, {""value"": """", ""color"": ""#1476CE""}, {""value"": """", ""color"": ""#0D6DE2""}, {""value"": ""100 %"", ""color"": ""#0664f6""}], ""type"": ""gradient""}",Richness,cesium,moths-rich
